{
  "__type__": "cc.SpriteFrame",
  "content": {
    "name": "Artboard 12@2x",
    "atlas": "",
    "rect": {
      "x": 1274,
      "y": 637,
      "width": 1300,
      "height": 886
    },
    "offset": {
      "x": 3.5,
      "y": 0.5
    },
    "originalSize": {
      "width": 3841,
      "height": 2161
    },
    "rotated": false,
    "capInsets": [
      0,
      0,
      0,
      0
    ],
    "vertices": {
      "rawPosition": [
        -650,
        -443,
        0,
        650,
        -443,
        0,
        -650,
        443,
        0,
        650,
        443,
        0
      ],
      "indexes": [
        0,
        1,
        2,
        2,
        1,
        3
      ],
      "uv": [
        1274,
        1524,
        2574,
        1524,
        1274,
        638,
        2574,
        638
      ],
      "nuv": [
        0.3316844571726113,
        0.29523368810735773,
        0.6701379848997657,
        0.29523368810735773,
        0.3316844571726113,
        0.7052290606200833,
        0.6701379848997657,
        0.7052290606200833
      ],
      "minPos": {
        "x": -650,
        "y": -443,
        "z": 0
      },
      "maxPos": {
        "x": 650,
        "y": 443,
        "z": 0
      }
    },
    "texture": "274a2d09-9d5a-479b-b827-d12a2398a06e@6c48a",
    "packable": true,
    "pixelsToUnit": 100,
    "pivot": {
      "x": 0.5,
      "y": 0.5
    },
    "meshType": 0
  }
}