{
  "__type__": "cc.SpriteFrame",
  "content": {
    "name": "Artboard 10@2x",
    "atlas": "",
    "rect": {
      "x": 1275,
      "y": 637,
      "width": 1299,
      "height": 886
    },
    "offset": {
      "x": 4,
      "y": 0.5
    },
    "originalSize": {
      "width": 3841,
      "height": 2161
    },
    "rotated": false,
    "capInsets": [
      0,
      0,
      0,
      0
    ],
    "vertices": {
      "rawPosition": [
        -649.5,
        -443,
        0,
        649.5,
        -443,
        0,
        -649.5,
        443,
        0,
        649.5,
        443,
        0
      ],
      "indexes": [
        0,
        1,
        2,
        2,
        1,
        3
      ],
      "uv": [
        1275,
        1524,
        2574,
        1524,
        1275,
        638,
        2574,
        638
      ],
      "nuv": [
        0.33194480604009374,
        0.29523368810735773,
        0.6701379848997657,
        0.29523368810735773,
        0.33194480604009374,
        0.7052290606200833,
        0.6701379848997657,
        0.7052290606200833
      ],
      "minPos": {
        "x": -649.5,
        "y": -443,
        "z": 0
      },
      "maxPos": {
        "x": 649.5,
        "y": 443,
        "z": 0
      }
    },
    "texture": "4a55154f-7e8e-461b-9d30-c0c01bd880e6@6c48a",
    "packable": true,
    "pixelsToUnit": 100,
    "pivot": {
      "x": 0.5,
      "y": 0.5
    },
    "meshType": 0
  }
}