{
  "__type__": "cc.SpriteFrame",
  "content": {
    "name": "backgroundSudoku",
    "atlas": "",
    "rect": {
      "x": 13,
      "y": 13,
      "width": 423,
      "height": 423
    },
    "offset": {
      "x": -0.5,
      "y": 0.5
    },
    "originalSize": {
      "width": 450,
      "height": 450
    },
    "rotated": false,
    "capInsets": [
      0,
      0,
      0,
      0
    ],
    "vertices": {
      "rawPosition": [
        -211.5,
        -211.5,
        0,
        211.5,
        -211.5,
        0,
        -211.5,
        211.5,
        0,
        211.5,
        211.5,
        0
      ],
      "indexes": [
        0,
        1,
        2,
        2,
        1,
        3
      ],
      "uv": [
        13,
        437,
        436,
        437,
        13,
        14,
        436,
        14
      ],
      "nuv": [
        0.028888888888888888,
        0.03111111111111111,
        0.9688888888888889,
        0.03111111111111111,
        0.028888888888888888,
        0.9711111111111111,
        0.9688888888888889,
        0.9711111111111111
      ],
      "minPos": {
        "x": -211.5,
        "y": -211.5,
        "z": 0
      },
      "maxPos": {
        "x": 211.5,
        "y": 211.5,
        "z": 0
      }
    },
    "texture": "f7cb13d2-c60a-440b-bb7d-9d1e2e3ed594@6c48a",
    "packable": true,
    "pixelsToUnit": 100,
    "pivot": {
      "x": 0.5,
      "y": 0.5
    },
    "meshType": 0
  }
}