{
  "__type__": "cc.SpriteFrame",
  "content": {
    "name": "setting",
    "atlas": "",
    "rect": {
      "x": 128,
      "y": 129,
      "width": 769,
      "height": 769
    },
    "offset": {
      "x": 0.5,
      "y": -1.5
    },
    "originalSize": {
      "width": 1024,
      "height": 1024
    },
    "rotated": false,
    "capInsets": [
      0,
      0,
      0,
      0
    ],
    "vertices": {
      "rawPosition": [
        -384.5,
        -384.5,
        0,
        384.5,
        -384.5,
        0,
        -384.5,
        384.5,
        0,
        384.5,
        384.5,
        0
      ],
      "indexes": [
        0,
        1,
        2,
        2,
        1,
        3
      ],
      "uv": [
        128,
        895,
        897,
        895,
        128,
        126,
        897,
        126
      ],
      "nuv": [
        0.125,
        0.123046875,
        0.8759765625,
        0.123046875,
        0.125,
        0.8740234375,
        0.8759765625,
        0.8740234375
      ],
      "minPos": {
        "x": -384.5,
        "y": -384.5,
        "z": 0
      },
      "maxPos": {
        "x": 384.5,
        "y": 384.5,
        "z": 0
      }
    },
    "texture": "4ba7fd0a-23c5-4cc8-829c-a691cdfb6ee6@6c48a",
    "packable": true,
    "pixelsToUnit": 100,
    "pivot": {
      "x": 0.5,
      "y": 0.5
    },
    "meshType": 0
  }
}