{
  "__type__": "cc.SpriteFrame",
  "content": {
    "name": "Artboard 8",
    "atlas": "",
    "rect": {
      "x": 637,
      "y": 319,
      "width": 650,
      "height": 443
    },
    "offset": {
      "x": 1.5,
      "y": 0
    },
    "originalSize": {
      "width": 1921,
      "height": 1081
    },
    "rotated": false,
    "capInsets": [
      0,
      0,
      0,
      0
    ],
    "vertices": {
      "rawPosition": [
        -325,
        -221.5,
        0,
        325,
        -221.5,
        0,
        -325,
        221.5,
        0,
        325,
        221.5,
        0
      ],
      "indexes": [
        0,
        1,
        2,
        2,
        1,
        3
      ],
      "uv": [
        637,
        762,
        1287,
        762,
        637,
        319,
        1287,
        319
      ],
      "nuv": [
        0.33159812597605415,
        0.29509713228492135,
        0.6699635606454971,
        0.29509713228492135,
        0.33159812597605415,
        0.7049028677150786,
        0.6699635606454971,
        0.7049028677150786
      ],
      "minPos": {
        "x": -325,
        "y": -221.5,
        "z": 0
      },
      "maxPos": {
        "x": 325,
        "y": 221.5,
        "z": 0
      }
    },
    "texture": "36bc0c36-6b4f-4004-b68d-4d9acb355b81@6c48a",
    "packable": true,
    "pixelsToUnit": 100,
    "pivot": {
      "x": 0.5,
      "y": 0.5
    },
    "meshType": 0
  }
}