{
  "__type__": "cc.SpriteFrame",
  "content": {
    "name": "Artboard 12@4x",
    "atlas": "",
    "rect": {
      "x": 2549,
      "y": 1275,
      "width": 2598,
      "height": 1771
    },
    "offset": {
      "x": 7.5,
      "y": 0
    },
    "originalSize": {
      "width": 7681,
      "height": 4321
    },
    "rotated": false,
    "capInsets": [
      0,
      0,
      0,
      0
    ],
    "vertices": {
      "rawPosition": [
        -1299,
        -885.5,
        0,
        1299,
        -885.5,
        0,
        -1299,
        885.5,
        0,
        1299,
        885.5,
        0
      ],
      "indexes": [
        0,
        1,
        2,
        2,
        1,
        3
      ],
      "uv": [
        2549,
        3046,
        5147,
        3046,
        2549,
        1275,
        5147,
        1275
      ],
      "nuv": [
        0.33185783101158706,
        0.29507058551261284,
        0.6700950397083713,
        0.29507058551261284,
        0.33185783101158706,
        0.7049294144873872,
        0.6700950397083713,
        0.7049294144873872
      ],
      "minPos": {
        "x": -1299,
        "y": -885.5,
        "z": 0
      },
      "maxPos": {
        "x": 1299,
        "y": 885.5,
        "z": 0
      }
    },
    "texture": "8c69d228-231c-460c-ac97-22a835603e9a@6c48a",
    "packable": true,
    "pixelsToUnit": 100,
    "pivot": {
      "x": 0.5,
      "y": 0.5
    },
    "meshType": 0
  }
}