{
  "__type__": "cc.SpriteFrame",
  "content": {
    "name": "Artboard 11@2x",
    "atlas": "",
    "rect": {
      "x": 1274,
      "y": 637,
      "width": 1299,
      "height": 886
    },
    "offset": {
      "x": 3,
      "y": 0.5
    },
    "originalSize": {
      "width": 3841,
      "height": 2161
    },
    "rotated": false,
    "capInsets": [
      0,
      0,
      0,
      0
    ],
    "vertices": {
      "rawPosition": [
        -649.5,
        -443,
        0,
        649.5,
        -443,
        0,
        -649.5,
        443,
        0,
        649.5,
        443,
        0
      ],
      "indexes": [
        0,
        1,
        2,
        2,
        1,
        3
      ],
      "uv": [
        1274,
        1524,
        2573,
        1524,
        1274,
        638,
        2573,
        638
      ],
      "nuv": [
        0.3316844571726113,
        0.29523368810735773,
        0.6698776360322832,
        0.29523368810735773,
        0.3316844571726113,
        0.7052290606200833,
        0.6698776360322832,
        0.7052290606200833
      ],
      "minPos": {
        "x": -649.5,
        "y": -443,
        "z": 0
      },
      "maxPos": {
        "x": 649.5,
        "y": 443,
        "z": 0
      }
    },
    "texture": "50ad02fd-75f5-4804-acd1-2c354ca5da6a@6c48a",
    "packable": true,
    "pixelsToUnit": 100,
    "pivot": {
      "x": 0.5,
      "y": 0.5
    },
    "meshType": 0
  }
}