{
  "__type__": "cc.SpriteFrame",
  "content": {
    "name": "mute",
    "atlas": "",
    "rect": {
      "x": 0,
      "y": 33,
      "width": 512,
      "height": 446
    },
    "offset": {
      "x": 0,
      "y": 0
    },
    "originalSize": {
      "width": 512,
      "height": 512
    },
    "rotated": false,
    "capInsets": [
      0,
      0,
      0,
      0
    ],
    "vertices": {
      "rawPosition": [
        -256,
        -223,
        0,
        256,
        -223,
        0,
        -256,
        223,
        0,
        256,
        223,
        0
      ],
      "indexes": [
        0,
        1,
        2,
        2,
        1,
        3
      ],
      "uv": [
        0,
        479,
        512,
        479,
        0,
        33,
        512,
        33
      ],
      "nuv": [
        0,
        0.064453125,
        1,
        0.064453125,
        0,
        0.935546875,
        1,
        0.935546875
      ],
      "minPos": {
        "x": -256,
        "y": -223,
        "z": 0
      },
      "maxPos": {
        "x": 256,
        "y": 223,
        "z": 0
      }
    },
    "texture": "7a0b3be1-c66e-4076-a45e-c23c698b5c26@6c48a",
    "packable": true,
    "pixelsToUnit": 100,
    "pivot": {
      "x": 0.5,
      "y": 0.5
    },
    "meshType": 0
  }
}