{
  "__type__": "cc.SpriteFrame",
  "content": {
    "name": "Artboard 9",
    "atlas": "",
    "rect": {
      "x": 638,
      "y": 319,
      "width": 650,
      "height": 443
    },
    "offset": {
      "x": 2.5,
      "y": 0
    },
    "originalSize": {
      "width": 1921,
      "height": 1081
    },
    "rotated": false,
    "capInsets": [
      0,
      0,
      0,
      0
    ],
    "vertices": {
      "rawPosition": [
        -325,
        -221.5,
        0,
        325,
        -221.5,
        0,
        -325,
        221.5,
        0,
        325,
        221.5,
        0
      ],
      "indexes": [
        0,
        1,
        2,
        2,
        1,
        3
      ],
      "uv": [
        638,
        762,
        1288,
        762,
        638,
        319,
        1288,
        319
      ],
      "nuv": [
        0.3321186881832379,
        0.29509713228492135,
        0.6704841228526809,
        0.29509713228492135,
        0.3321186881832379,
        0.7049028677150786,
        0.6704841228526809,
        0.7049028677150786
      ],
      "minPos": {
        "x": -325,
        "y": -221.5,
        "z": 0
      },
      "maxPos": {
        "x": 325,
        "y": 221.5,
        "z": 0
      }
    },
    "texture": "8960254c-38bd-441a-a872-0cdc3fc3d105@6c48a",
    "packable": true,
    "pixelsToUnit": 100,
    "pivot": {
      "x": 0.5,
      "y": 0.5
    },
    "meshType": 0
  }
}