{
  "__type__": "cc.SpriteFrame",
  "content": {
    "name": "Artboard 8@4x",
    "atlas": "",
    "rect": {
      "x": 2549,
      "y": 1275,
      "width": 2597,
      "height": 1771
    },
    "offset": {
      "x": 7,
      "y": 0
    },
    "originalSize": {
      "width": 7681,
      "height": 4321
    },
    "rotated": false,
    "capInsets": [
      0,
      0,
      0,
      0
    ],
    "vertices": {
      "rawPosition": [
        -1298.5,
        -885.5,
        0,
        1298.5,
        -885.5,
        0,
        -1298.5,
        885.5,
        0,
        1298.5,
        885.5,
        0
      ],
      "indexes": [
        0,
        1,
        2,
        2,
        1,
        3
      ],
      "uv": [
        2549,
        3046,
        5146,
        3046,
        2549,
        1275,
        5146,
        1275
      ],
      "nuv": [
        0.33185783101158706,
        0.29507058551261284,
        0.6699648483270407,
        0.29507058551261284,
        0.33185783101158706,
        0.7049294144873872,
        0.6699648483270407,
        0.7049294144873872
      ],
      "minPos": {
        "x": -1298.5,
        "y": -885.5,
        "z": 0
      },
      "maxPos": {
        "x": 1298.5,
        "y": 885.5,
        "z": 0
      }
    },
    "texture": "13403c1d-c989-498c-b49d-5ad1615409c4@6c48a",
    "packable": true,
    "pixelsToUnit": 100,
    "pivot": {
      "x": 0.5,
      "y": 0.5
    },
    "meshType": 0
  }
}